# HumanityOS Equipment Stats (v0.750, closure ladder rung 8 / progression doc Part 3)
# Mechanical stats for wearable items - a JOIN on data/items.csv by item_id.
# items.csv stays lean (mass/volume physics); only items with a row here do
# anything when worn. Slots come from data/inventory/equipment_slots.json.
#
# armor_* columns: per-damage-type resistance 0..1 (populate the Armor
#   component on equip; inert until CombatSystem registers - schema-ready).
# damage/damage_type/range_m: held-tool columns for the future combat wiring.
# stat_modifiers: pipe-separated stat:value:op in the status_effects.csv
#   grammar. Consumed today: speed (movement), carry_capacity (adds kg to the
#   weight cap).
# clo: the garment's thermal insulation (1 clo = 0.155 m2 K/W), added to the
#   everyday outfit the player always wears (trousers and a long-sleeve shirt,
#   0.61 clo) by the body heat model (src/systems/body_heat.rs, 2026-09-27).
#   Garment insulation is summed, the method the tables are built for.
#   Sources, row by row:
#   jacket_light_0 0.36 = ASHRAE garment table, single-breasted coat (thin).
#   jumpsuit_0 0.49 = ASHRAE garment table, coveralls.
#   boots_* 0.08 = ASHRAE boots (0.10) less the everyday outfit's shoes (0.02).
#   (ASHRAE Handbook Fundamentals ch. 9 / ASHRAE 55 garment table, as copied
#   in pythermalcomfort `clo_individual_garments`, read 2026-09-27.)
#   jacket_heavy_0 0.55 (down jacket), coat_winter_0 0.70 (parka) and
#   gloves_* 0.05 = ISO 7730:2005 Annex C table of garment insulation, which
#   lists outdoor wear the ASHRAE table does not. NOT re-read against the
#   standard (paywalled) on 2026-09-27: recheck when a copy is to hand.
#   hat_beanie_0 0.03 = AN ESTIMATE: neither table lists a hat; the head is
#   about 7% of the skin and a knit cap covers about half of it.
#   0 = no insulation to speak of (helmets, packs, tools).
id,slot,clo,armor_kinetic,armor_thermal,armor_energy,armor_chemical,armor_radiation,damage,damage_type,range_m,stat_modifiers,description
jacket_light_0,chest,0.36,0.02,0.10,0,0.05,0,0,,0,,Windbreaker - keeps light chill off
jacket_heavy_0,chest,0.55,0.05,0.25,0,0.05,0,0,,0,,Insulated winter jacket
coat_winter_0,chest,0.70,0.05,0.35,0,0.05,0,0,,0,,Thick overcoat for hard cold
jumpsuit_0,chest,0.49,0.03,0.10,0.05,0.15,0,0,,0,,Utility one-piece
hat_beanie_0,head,0.03,0,0.05,0,0,0,0,,0,,Knit hat - warm head
helmet_hard_0,head,0,0.25,0.05,0,0.05,0,0,,0,,Impact protection
helmet_combat_0,head,0,0.45,0.10,0.10,0.05,0.05,0,,0,,Ballistic headgear
gloves_winter_0,hands,0.05,0,0.10,0,0,0,0,,0,,Insulated gloves
gloves_work_0,hands,0.05,0.10,0.05,0,0.10,0,0,,0,,Reinforced grip
boots_work_0,feet,0.08,0.15,0.05,0,0.10,0,0,,0,,Steel-toe boots
boots_hiking_0,feet,0.08,0.05,0.05,0,0.05,0,0,,0,speed:1.05:multiply,Trail boots - easy stride
backpack_small_0,back,0,0,0,0,0,0,0,,0,carry_capacity:10:add,Adds 10 kg of comfortable carry
backpack_large_0,back,0,0,0,0,0,0,0,,0,carry_capacity:25:add,Adds 25 kg of comfortable carry
hammer_0,hands,0,0,0,0,0,0,8,kinetic,2.0,,Swing it - light demolition or defense
axe_0,hands,0,0,0,0,0,0,14,kinetic,2.2,,Felling axe - trees fear it and so should wolves
pickaxe_0,hands,0,0,0,0,0,0,12,kinetic,2.2,,Rock-breaker that doubles as a weapon
shovel_0,hands,0,0,0,0,0,0,7,kinetic,2.2,,Flat-blade earth mover with a mean swing
knife_utility_0,hands,0,0,0,0,0,0,6,kinetic,1.6,,Small blade for close work
knife_combat_0,hands,0,0,0,0,0,0,12,kinetic,1.8,,Fixed fighting blade
spear_0,hands,0,0,0,0,0,0,15,kinetic,3.0,,Thrusting reach - keep the wolf at pole's length
